algorithm,threads,read_prop,value_size,txn_size,num_clients,num_servers,num_key,distribution,zipfian_constant,num_seconds,staleness
EIGER,32,0.9,128,5,8,8,1000000,zipfian-0.990000,0.99,10,95.45
EIGER,32,0.9,128,5,8,8,1000000,zipfian-0.990000,0.99,30,98.62
EIGER,32,0.9,128,5,8,8,1000000,zipfian-0.990000,0.99,50,99.53
EIGER,32,0.9,128,5,8,8,1000000,zipfian-0.990000,0.99,100,99.91
EIGER,32,0.9,128,5,8,8,1000000,zipfian-0.990000,0.99,500,99.99
EIGER,32,0.9,128,5,8,8,1000000,zipfian-0.990000,0.99,3000,100.00
